{"accuracy": [0.6014794707298279, 0.8532185554504395, 0.9102069735527039, 0.9362258911132812, 0.9524433016777039, 0.9620172381401062, 0.9698982834815979, 0.9747350215911865, 0.9783910512924194, 0.9807240962982178], "loss": [1.351000428199768, 0.4634650945663452, 0.2773800492286682, 0.19447381794452667, 0.1457131952047348, 0.11503637582063675, 0.09081193804740906, 0.07626035064458847, 0.06818929314613342, 0.06018241494894028], "val_accuracy": [0.8369565010070801, 0.9064989686012268, 0.9126451015472412, 0.9381402134895325, 0.9348964095115662, 0.9554973840713501, 0.9573753476142883, 0.9496926665306091, 0.9611313343048096, 0.961586594581604], "val_loss": [0.5074468851089478, 0.28928637504577637, 0.27408233284950256, 0.18532097339630127, 0.20041242241859436, 0.14419881999492645, 0.13733674585819244, 0.16740375757217407, 0.1291273832321167, 0.1274441033601761]}